Year,Artist,Popularity
1980,Styx,96
1980,Bette Midler,92
1980,Gary Numan,82
1980,Olivia Newton-John,80
1980,Cliff Richard,80
1980,Andy Gibb,79
1980,Doobie Brothers,79
1980,Michael Jackson,79
1980,Fleetwood Mac,77
1980,Diana Ross,77
1980,Rupert Holmes,76
1980,Rupert Holmes,76
1980,Kenny Rogers,76
1980,Billy Joel,75
1980,Donna Summer,75
1980,Commodores,75
1980,Queen,74
1980,Dan Fogelberg,74
1980,KC and the Sunshine Band,74
1980,Air Supply,73
1980,Blondie,73
1980,Queen,73
1980,Anne Murray,70
1980,Smokey Robinson,69
1980,Cliff Richard,67
1980,Kim Carnes,67
1980,Kenny Loggins,67
1980,Barbra Streisand,67
1980,Bob Seger and the Silver Bullet Band,66
1980,Christopher Cross,66
1980,Bob Seger and the Silver Bullet Band,65
1980,Ambrosia,65
1980,Captain & Tennille,65
1980,Eagles,65
1980,Christopher Cross,65
1980,Kenny Rogers,64
1980,Linda Ronstadt,64
1980,Jefferson Starship,64
1980,Michael Jackson,64
1980,The Manhattans,64
1980,Donna Summer,64
1980,Tom Petty and the Heartbreakers,63
1980,George Benson,63
1980,Air Supply,63
1980,Billy Joel,62
1980,Irene Cara,61
1980,Linda Ronstadt,61
1980,Paul McCartney,60
1980,Lipps Inc,60
1980,Kool & the Gang,60
1980,Stevie Wonder,60
1980,The Brothers Johnson,60
1980,Pete Townshend,59
1980,Carole King,58
1980,Robbie Dupree,58
1980,Eagles,58
1980,Little River Band,57
1980,Benny Mardones,57
1980,Michael Jackson,57
1980,Eddie Rabbitt,56
1980,Foreigner,56
1980,Prince,56
1980,Johnny Lee,56
1980,Paul Simon,55
1980,Elton John,55
1980,Dr. Hook,55
1980,Kool & the Gang,55
1980,Teri DeSario & KC,55
1980,The Rolling Stones,53
1980,the Pointer Sisters,52
1980,Shalamar,52
1980,The Spinners,52
1980,Olivia Newton-John / Electric Light Orchestra,52
1980,Boz Scaggs,51
1980,Carly Simon,50
1980,Electric Light Orchestra,48
1980,The Dirt Band,48
1980,Rocky Burnette,47
1980,Dr. Hook,46
1980,Robbie Dupree,45
1980,Barbra Streisand & Donna Summer,45
1980,Pure Prairie League,44
1980,Jimmy Ruffin,43
1980,Kenny Loggins,42
1980,Jermaine Jackson,40
1980,Boz Scaggs,39
1980,Billy Preston and Syreeta,39
1980,Stevie Wonder,38
1980,The Spinners,36
1980,"Ray, Goodman & Brown",36
1980,Stephanie Mills,31
1980,The SOS Band,30
1980,J.D. Souther,29
1980,Charlie Dore,28
1980,Pink Floyd,10
1980,Steve Forbert,4
1980,Diana Ross,1
1980,The Pretenders,0
1980,Kenny Rogers & Kim Carnes,0
1980,Ambrosia,0
1981,Tierra,92
1981,Climax Blues Band,88
1981,The Alan Parsons Project,85
1981,John Lennon,84
1981,Daryl Hall & John Oates,84
1981,The Oak Ridge Boys,83
1981,Barbra Streisand & Barry Gibb,82
1981,Rod Stewart,82
1981,Neil Diamond,81
1981,Dolly Parton,80
1981,Marty Balin,79
1981,the Rolling Stones,79
1981,Kim Carnes,78
1981,Olivia Newton-John,78
1981,Kenny Rogers,76
1981,REO Speedwagon,75
1981,The Pointer Sisters,75
1981,ABBA,75
1981,Don McLean,74
1981,The Police,74
1981,"Grover Washington, Jr. & Bill Withers",74
1981,Queen,74
1981,Bruce Springsteen,72
1981,Blondie,72
1981,Pat Benatar,71
1981,Foreigner,71
1981,Kool & the Gang,70
1981,Electric Light Orchestra,70
1981,Daryl Hall & John Oates,67
1981,Franke and the Knockouts,67
1981,REO Speedwagon,67
1981,Andy Gibb,66
1981,Air Supply,65
1981,Juice Newton,63
1981,Air Supply,63
1981,Steely Dan,63
1981,Eddie Rabbitt,63
1981,Daryl Hall & John Oates,63
1981,Stevie Nicks with Tom Petty & the Heartbreakers,63
1981,Sheena Easton,61
1981,Heart,61
1981,Air Supply,61
1981,Foreigner,61
1981,Sheena Easton,60
1981,Eddie Rabbitt,60
1981,Stevie Wonder,60
1981,Styx,59
1981,Kenny Rogers,58
1981,Juice Newton,58
1981,John Lennon,56
1981,John Cougar,56
1981,Pablo Cruise,56
1981,Diana Ross & Lionel Richie,56
1981,Dan Fogelberg,56
1981,John Lennon,56
1981,Commodores,55
1981,Blondie,55
1981,Smokey Robinson,54
1981,Barbra Streisand & Barry Gibb,54
1981,Steve Winwood,54
1981,George Harrison,52
1981,Styx,52
1981,Eric Clapton,49
1981,Leo Sayer,48
1981,"Ray Parker, Jr. & Raydio",47
1981,James Taylor & J.D. Souther,47
1981,Gino Vannelli,47
1981,Neil Diamond,46
1981,Champaign,46
1981,Little River Band,46
1981,Cliff Richard,45
1981,Neil Diamond,45
1981,Gary U.S. Bonds,44
1981,Four Tops,44
1981,Boz Scaggs,43
1981,A Taste of Honey,43
1981,Barry Manilow,42
1981,Terri Gibbs,42
1981,Bob Seger & the Silver Bullet Band,42
1981,Dan Fogelberg,41
1981,Moody Blues,39
1981,Kenny Rogers,39
1981,Delbert McClinton,37
1981,Stevie Wonder,37
1981,The Manhattan Transfer,37
1981,Diana Ross,36
1981,Mike Post featuring Larry Carlton,33
1981,Dottie West with Kenny Rogers,31
1981,Journey,30
1981,Rick Springfield,28
1981,Joey Scarbury,27
1981,Stars on 45,24
1981,Ronnie Milsap,21
1981,The Beach Boys,17
1981,The Police,13
1981,Al Jarreau,10
1981,Rick James,9
1981,Rick Springfield,8
1981,The Greg Kihn Band,6
1981,Christopher Cross,3
1982,Stevie Wonder,91
1982,Lindsey Buckingham,82
1982,Soft Cell,81
1982,Joan Jett & The Blackhearts,80
1982,Van Halen,80
1982,Olivia Newton-John,79
1982,Diana Ross,79
1982,Journey,78
1982,Olivia Newton-John,78
1982,Survivor,77
1982,Air Supply,77
1982,Men at Work,76
1982,Fleetwood Mac,75
1982,John Cougar,75
1982,Ray Parker Jr.,74
1982,Commodores,73
1982,Toto,73
1982,Eddie Money,73
1982,Alan Parsons Project,72
1982,J. Geils Band,71
1982,Stevie Nicks,71
1982,Santana,71
1982,Roberta Flack,71
1982,Foreigner,71
1982,John Cougar,70
1982,Joe Cocker & Jennifer Warnes,70
1982,Steve Miller Band,69
1982,Laura Branigan,68
1982,Asia,68
1982,Kool & the Gang,67
1982,Daryl Hall & John Oates,67
1982,Jackson Browne,67
1982,Stevie Wonder,67
1982,The Go-Go’s,67
1982,Air Supply,64
1982,The Motels,64
1982,Willie Nelson,63
1982,Elton John,63
1982,38 Special,63
1982,Greg Guidry,63
1982,Kenny Rogers,63
1982,America,63
1982,Tommy Tutone,62
1982,Paul Davis,61
1982,Huey Lewis and the News,61
1982,A Flock of Seagulls,61
1982,The Rolling Stones,61
1982,Joan Jett & The Blackhearts,60
1982,Dan Fogelberg,60
1982,Sheena Easton,60
1982,Paul McCartney and Stevie Wonder,58
1982,George Benson,58
1982,The Go-Go’s,58
1982,Juice Newton,57
1982,Stevie Nicks and Don Henley,57
1982,The Cars,57
1982,Dazz Band,56
1982,The Pointer Sisters,56
1982,Bertie Higgins,55
1982,Lionel Richie,55
1982,Quarterflash,54
1982,Diana Ross,54
1982,J. Geils Band,53
1982,Karla Bonoff,53
1982,Queen,52
1982,"Crosby, Stills & Nash",52
1982,Elton John,50
1982,Rod Stewart,50
1982,Journey,49
1982,Rick Springfield,49
1982,Kenny Rogers,49
1982,Ronnie Milsap,48
1982,Little River Band,48
1982,Paul McCartney,47
1982,Human League,46
1982,Michael Murphey,45
1982,Oak Ridge Boys,42
1982,Little River Band,41
1982,Paul Davis,40
1982,Vangelis,40
1982,Melissa Manchester,40
1982,Daryl Hall & John Oates,39
1982,REO Speedwagon,39
1982,Donna Summer,39
1982,Barbra Streisand,38
1982,Chicago,38
1982,Olivia Newton-John,36
1982,Neil Diamond,35
1982,Michael McDonald,34
1982,Buckner & Garcia,34
1982,Neil Diamond,29
1982,Eddie Rabbitt,25
1982,Deniece Williams,19
1982,Charlene,17
1982,"Earth, Wind & Fire",16
1982,Royal Philharmonic Orchestra,14
1982,The Police,13
1982,Juice Newton,7
1982,Juice Newton,0
1983,Lionel Richie,89
1983,The Police,88
1983,Toto,86
1983,Daryl Hall & John Oates,85
1983,Eurythmics,85
1983,Billy Joel,85
1983,Daryl Hall & John Oates,83
1983,Michael Jackson,82
1983,Kenny Loggins,82
1983,Lionel Richie,81
1983,Men at Work,80
1983,Bonnie Tyler,80
1983,Michael Jackson,79
1983,Phil Collins,79
1983,Dexys Midnight Runners,77
1983,Irene Cara,77
1983,Michael Sembello,77
1983,Naked Eyes,75
1983,Spandau Ballet,75
1983,Dionne Warwick,74
1983,Duran Duran,74
1983,The Clash,72
1983,Journey,72
1983,Kenny Rogers with Dolly Parton,71
1983,Air Supply,71
1983,Marvin Gaye,71
1983,Eddie Rabbitt and Crystal Gayle,71
1983,Quiet Riot,69
1983,Laura Branigan,69
1983,Journey,68
1983,Michael Jackson,68
1983,Bryan Adams,68
1983,Lionel Richie,68
1983,Laura Branigan,68
1983,Culture Club,67
1983,Talking Heads,66
1983,Madness,66
1983,Musical Youth,66
1983,Michael Jackson and Paul McCartney,66
1983,Elton John,65
1983,Prince,64
1983,Paul McCartney & Michael Jackson,64
1983,Peabo Bryson and Roberta Flack,64
1983,Naked Eyes,63
1983,Men at Work,63
1983,Michael Jackson,63
1983,Patti Austin and James Ingram,62
1983,The Pretenders,61
1983,David Bowie,61
1983,Laura Branigan,61
1983,Don Henley,60
1983,Sérgio Mendes,60
1983,Kajagoogoo,60
1983,Lionel Richie,59
1983,Prince,59
1983,Taco,59
1983,Toto,58
1983,Toni Basil,58
1983,Styx,58
1983,Donna Summer,58
1983,Christopher Cross,57
1983,the Fixx,57
1983,Stevie Nicks,57
1983,Billy Joel,57
1983,Men Without Hats,57
1983,Culture Club,57
1983,Asia,56
1983,Eddy Grant,56
1983,The Greg Kihn Band,54
1983,Thomas Dolby,54
1983,The Tubes,54
1983,Joe Jackson,54
1983,Little River Band,54
1983,Golden Earring,54
1983,Billy Joel,53
1983,Prince,53
1983,Bob Seger & The Silver Bullet Band,53
1983,The Kinks,51
1983,Adam Ant,51
1983,Stray Cats,50
1983,Sammy Hagar,50
1983,Frida,49
1983,Human League,48
1983,Stray Cats,48
1983,Rick Springfield,46
1983,After the Fire,45
1983,Daryl Hall & John Oates,45
1983,the Motels,44
1983,Loverboy,42
1983,David Bowie,42
1983,Jackson Browne,41
1983,Stray Cats,40
1983,Frank Stallone,40
1983,Sheena Easton,40
1983,Duran Duran,38
1983,The Police,37
1983,Styx,26
1983,Kenny Rogers and Sheena Easton,26
1983,Men at Work,21
1983,Culture Club,0
1984,Bananarama,93
1984,Cyndi Lauper,85
1984,Billy Joel,85
1984,Bruce Springsteen,84
1984,Cyndi Lauper,83
1984,Madonna,81
1984,Wham!,81
1984,The Cars,80
1984,The Cars,80
1984,David Bowie,78
1984,Laura Branigan,77
1984,Billy Idol,76
1984,Van Halen,76
1984,Culture Club,76
1984,Nena,75
1984,Phil Collins,75
1984,Stevie Wonder,75
1984,Bruce Springsteen,74
1984,Prince,73
1984,Matthew Wilder,72
1984,Billy Ocean,72
1984,Kenny Loggins,72
1984,Lionel Richie,71
1984,Yes,71
1984,The Go-Go’s,70
1984,Michael Jackson,70
1984,The Romantics,69
1984,Genesis,69
1984,John Waite,68
1984,Ratt,68
1984,Lionel Richie,68
1984,Prince,68
1984,Rick Springfield,67
1984,The Police,67
1984,Christine McVie,66
1984,Thompson Twins,65
1984,Ray Parker Jr.,65
1984,Eurythmics,65
1984,Peter Wolf,65
1984,John Cougar Mellencamp,65
1984,Billy Joel,65
1984,Thompson Twins,64
1984,Paul McCartney and Michael Jackson,64
1984,The Cars,64
1984,ZZ Top,63
1984,Deniece Williams,63
1984,Scandal featuring Patty Smyth,63
1984,Pat Benatar,62
1984,Steve Perry,62
1984,Night Ranger,62
1984,Tracey Ullman,62
1984,The Pointer Sisters,59
1984,Chaka Khan,59
1984,John Cafferty & The Beaver Brown Band,59
1984,Lionel Richie,59
1984,Shannon,58
1984,Corey Hart,58
1984,Duran Duran,58
1984,Chicago,56
1984,Huey Lewis and the News,56
1984,The Pointer Sisters,56
1984,Dan Hartman,55
1984,Madonna,55
1984,Rockwell,55
1984,Elton John,54
1984,Billy Joel,53
1984,Huey Lewis and the News,53
1984,Rod Stewart,53
1984,Cyndi Lauper,53
1984,Rod Stewart,53
1984,Huey Lewis and the News,52
1984,Daryl Hall & John Oates,51
1984,Kool & The Gang,51
1984,Duran Duran,50
1984,Daryl Hall & John Oates,50
1984,Christopher Cross,50
1984,Duran Duran,50
1984,Dennis DeYoung,49
1984,Culture Club,49
1984,Sheila E.,49
1984,John Lennon,48
1984,Culture Club,47
1984,Elton John,47
1984,Peabo Bryson,46
1984,Tina Turner,45
1984,Billy Squier,45
1984,The Jacksons featuring Mick Jagger,42
1984,The Rolling Stones,41
1984,Mike Reno and Ann Wilson,39
1984,Van Halen,39
1984,Lionel Richie,39
1984,Irene Cara,38
1984,The Pointer Sisters,35
1984,Olivia Newton-John,35
1984,Ollie & Jerry,33
1984,Dan Fogelberg,31
1984,Julio Iglesias and Willie Nelson,19
1984,Tina Turner,7
1984,Prince and The Revolution,6
1984,Ray Parker Jr.,4
1985,a-ha,88
1985,Tears for Fears,87
1985,Mick Jagger & David Bowie,84
1985,Bryan Adams,83
1985,Madonna,82
1985,Wham! featuring George Michael,81
1985,Foreigner,80
1985,Sade,80
1985,Kool & the Gang,79
1985,Katrina and the Waves,78
1985,Don Henley,77
1985,Bruce Springsteen,76
1985,Bruce Springsteen,76
1985,Billy Ocean,76
1985,Chicago,76
1985,Madonna,75
1985,Philip Bailey and Phil Collins,75
1985,Huey Lewis and the News,75
1985,Starship,75
1985,Pat Benatar,74
1985,REO Speedwagon,73
1985,Bryan Adams,73
1985,Tears for Fears,73
1985,Madonna,72
1985,Jack Wagner,71
1985,Bruce Springsteen,71
1985,Phil Collins,71
1985,Bryan Adams,71
1985,Harold Faltermeyer,70
1985,Tears for Fears,70
1985,Stevie Wonder,70
1985,Pat Benatar,70
1985,Madonna,70
1985,Diana Ross,68
1985,Whitney Houston,68
1985,Wham!,67
1985,Billy Ocean,67
1985,Phil Collins,67
1985,Wham!,66
1985,Dire Straits,65
1985,Daryl Hall & John Oates,65
1985,John Parr,65
1985,USA for Africa,65
1985,Eurythmics,65
1985,Duran Duran,64
1985,Prince and The Revolution,64
1985,Glenn Frey,64
1985,Tina Turner,63
1985,Kool & the Gang,61
1985,Heart,61
1985,David Lee Roth,60
1985,The Honeydrippers,60
1985,Phil Collins and Marilyn Martin,60
1985,Tina Turner,59
1985,Chaka Khan,59
1985,The Pointer Sisters,58
1985,Prince,58
1985,Mary Jane Girls,58
1985,DeBarge,58
1985,‘Til Tuesday,58
1985,Sting,56
1985,Duran Duran,56
1985,Don Henley,55
1985,Animotion,55
1985,Howard Jones,55
1985,New Edition,54
1985,Commodores,54
1985,Glenn Frey,54
1985,Whitney Houston,54
1985,Ready for the World,53
1985,Julian Lennon,52
1985,Thompson Twins,51
1985,Loverboy,51
1985,The Pointer Sisters,51
1985,Corey Hart,51
1985,Paul McCartney,50
1985,Survivor,50
1985,Madonna,49
1985,Murray Head,48
1985,Sting,47
1985,John Cougar Mellencamp,47
1985,Power Station,47
1985,Teena Marie,46
1985,Paul Young,45
1985,Aretha Franklin,45
1985,Glenn Frey,45
1985,Kool & the Gang,44
1985,Prince & the Revolution,44
1985,Power Station,43
1985,Sheena Easton,43
1985,Sheena Easton,43
1985,ABC,41
1985,Jan Hammer,41
1985,Daryl Hall & John Oates,40
1985,Night Ranger,40
1985,Julian Lennon,38
1985,Simple Minds,35
1985,Phil Collins,3
1985,DeBarge,1
1985,Billy Joel,0
1986,Wham!,86
1986,Janet Jackson,86
1986,Bon Jovi,83
1986,Prince and The Revolution,82
1986,Level 42,82
1986,The Outfield,82
1986,Klymaxx,81
1986,The Human League,80
1986,Bruce Springsteen,80
1986,Huey Lewis and the News,80
1986,Regina,79
1986,Don Johnson,79
1986,Starship,77
1986,Kenny Loggins,76
1986,Steve Winwood,76
1986,Thompson Twins,76
1986,Orchestral Manoeuvres in the Dark,75
1986,Run–D.M.C. featuring Aerosmith,74
1986,Patti LaBelle and Michael McDonald,73
1986,Berlin,73
1986,Survivor,72
1986,Peter Cetera,72
1986,Phil Collins,72
1986,Whitney Houston,71
1986,Genesis,71
1986,Pet Shop Boys,71
1986,INXS,71
1986,Mr. Mister,70
1986,Nu Shooz,70
1986,Cyndi Lauper,70
1986,Simply Red,69
1986,Anita Baker,69
1986,Eddie Money,69
1986,Bananarama,69
1986,Whitney Houston,68
1986,Elton John,68
1986,Gloria Loring and Carl Anderson,67
1986,Sade,67
1986,Simple Minds,66
1986,Miami Sound Machine,66
1986,Lionel Richie,66
1986,Lionel Richie,66
1986,John Cougar Mellencamp,66
1986,Cameo,66
1986,Robert Palmer,65
1986,Miami Sound Machine,65
1986,Falco,65
1986,Heart,65
1986,Van Halen,65
1986,Madonna,63
1986,Timex Social Club,63
1986,Madonna,63
1986,Boston,62
1986,Stevie Nicks,62
1986,The Cars,62
1986,Stacey Q,62
1986,Dire Straits,62
1986,John Cougar Mellencamp,61
1986,Force MDs,61
1986,Stevie Wonder,60
1986,Phil Collins & Marilyn Martin,60
1986,Billy Ocean,60
1986,Madonna,59
1986,Eddie Murphy,59
1986,Genesis,59
1986,The Bangles,57
1986,Peter Gabriel,56
1986,Jermaine Stewart,56
1986,Mr. Mister,55
1986,James Brown,54
1986,Janet Jackson,54
1986,Mr. Mister,53
1986,Dream Academy,53
1986,Moody Blues,53
1986,George Michael,52
1986,The Jets,52
1986,Atlantic Starr,52
1986,"Dionne Warwick featuring Gladys Knight, Elton John and Stevie Wonder",52
1986,the Rolling Stones,50
1986,Michael McDonald,50
1986,Mike + The Mechanics,49
1986,Howard Jones,49
1986,Tina Turner,49
1986,Belinda Carlisle,48
1986,Janet Jackson,48
1986,Miami Sound Machine,48
1986,Rod Stewart,47
1986,Lisa Lisa and Cult Jam,45
1986,Robert Palmer,45
1986,Billy Ocean,45
1986,Fabulous Thunderbirds,45
1986,Sheila E.,43
1986,El DeBarge,41
1986,Loverboy,36
1986,Daryl Hall,34
1986,Sly Fox,25
1986,Mike + The Mechanics,20
1986,Paul McCartney,19
1986,Glass Tiger,0
1986,Billy Ocean,0
1987,Janet Jackson,91
1987,Bon Jovi,85
1987,Whitney Houston,84
1987,Michael Jackson,83
1987,Prince,82
1987,Starship,80
1987,Atlantic Starr,79
1987,Ready for the World,79
1987,U2,79
1987,Cutting Crew,78
1987,Survivor,78
1987,The Jets,76
1987,Exposé,75
1987,Club Nouveau,75
1987,Fleetwood Mac,75
1987,Chris de Burgh,75
1987,Bon Jovi,75
1987,Genesis,74
1987,Ben E. King,74
1987,Heart,73
1987,Madonna,72
1987,Glass Tiger,72
1987,Herb Alpert,71
1987,Crowded House,71
1987,Lisa Lisa and Cult Jam,70
1987,George Michael,70
1987,Wang Chung,70
1987,Robbie Nevil,69
1987,Bruce Springsteen,69
1987,Duran Duran,68
1987,Bruce Hornsby and the Range,68
1987,Genesis,68
1987,Madonna,68
1987,Peter Gabriel,67
1987,Pet Shop Boys,67
1987,Los Lobos,67
1987,Debbie Gibson,65
1987,Kenny G,65
1987,U2,63
1987,Georgia Satellites,63
1987,Billy Idol,63
1987,Kim Wilde,63
1987,Whitesnake,62
1987,Aretha Franklin and George Michael,62
1987,Genesis,62
1987,The Bangles,62
1987,Chicago,62
1987,Swing Out Sister,61
1987,Michael Jackson with Siedah Garrett,61
1987,Linda Ronstadt and James Ingram,61
1987,Kool & the Gang,61
1987,Pseudo Echo,60
1987,Gregory Abbott,59
1987,Bruce Springsteen,58
1987,Fleetwood Mac,57
1987,T’Pau,57
1987,Kenny Loggins,57
1987,Madonna,56
1987,LeVert,55
1987,Bob Seger,55
1987,Wang Chung,54
1987,Lionel Richie,53
1987,Tiffany,53
1987,Samantha Fox,53
1987,Fat Boys & the Beach Boys,53
1987,Smokey Robinson,52
1987,Bruce Hornsby and the Range,52
1987,John Cougar Mellencamp,52
1987,Bill Medley and Jennifer Warnes,51
1987,Lou Gramm,51
1987,Exposé,51
1987,The Whispers,51
1987,The System,50
1987,Bruce Willis,50
1987,Bananarama,49
1987,Suzanne Vega,49
1987,ABC,49
1987,Heart,48
1987,Huey Lewis and the News,47
1987,Gloria Estefan and Miami Sound Machine,47
1987,Madonna,45
1987,Prince,45
1987,Breakfast Club,44
1987,Glenn Medeiros,43
1987,Steve Winwood,43
1987,Lisa Lisa and Cult Jam,42
1987,Cyndi Lauper,40
1987,Exposé,40
1987,Jody Watley,40
1987,Beastie Boys,38
1987,Billy Vera and the Beaters,38
1987,Dan Hill featuring Vonda Shepard,35
1987,Bryan Adams,35
1987,Richard Marx,34
1987,The Jets,31
1987,Crowded House,29
1987,Huey Lewis and the News,24
1987,Europe,11
1987,Whitney Houston,0
1987,Janet Jackson,0
1988,UB40,88
1988,Guns N’ Roses,86
1988,Tracy Chapman,85
1988,White Lion,83
1988,Rick Astley,79
1988,Whitesnake,78
1988,George Michael,77
1988,Eric Carmen,77
1988,Terence Trent D’Arby,77
1988,George Harrison,76
1988,Aerosmith,75
1988,Pebbles,75
1988,Def Leppard,74
1988,The Beach Boys,71
1988,Michael Jackson,71
1988,George Michael,69
1988,Poison,69
1988,Elton John,68
1988,John Cougar Mellencamp,67
1988,Joan Jett and the Blackhearts,67
1988,Natalie Cole,67
1988,Patrick Swayze featuring Wendy Fraser,67
1988,Taylor Dayne,67
1988,Rick Astley,67
1988,Michael Jackson,66
1988,Michael Jackson,66
1988,INXS,66
1988,Huey Lewis and the News,66
1988,Def Leppard,65
1988,Cheap Trick,64
1988,Whitney Houston,64
1988,Pet Shop Boys,63
1988,Johnny Hates Jazz,63
1988,Gloria Estefan and Miami Sound Machine,62
1988,George Michael,62
1988,Cher,62
1988,INXS,62
1988,Gloria Estefan and Miami Sound Machine,61
1988,Keith Sweat,61
1988,Pet Shop Boys with Dusty Springfield,60
1988,INXS,59
1988,Kylie Minogue,59
1988,the Deele,59
1988,Richard Marx,58
1988,Billy Ocean,58
1988,George Michael,58
1988,Terence Trent D’Arby,58
1988,Van Halen,58
1988,Phil Collins,57
1988,Icehouse,56
1988,Foreigner,56
1988,David Lee Roth,56
1988,Al B. Sure!,56
1988,Whitney Houston,56
1988,Eric Carmen,55
1988,Debbie Gibson,55
1988,Steve Winwood,55
1988,Debbie Gibson,54
1988,Brenda K. Starr,54
1988,Jane Wiedlin,54
1988,Foreigner,54
1988,Breathe,53
1988,Elton John,53
1988,Roger Troutman,53
1988,Robert Palmer,52
1988,Bobby McFerrin,51
1988,Richard Marx,51
1988,The Jets,50
1988,The Bangles,49
1988,INXS,49
1988,New Kids on the Block,49
1988,The Escape Club,49
1988,Brenda Russell featuring Joe Esposito,48
1988,Exposé,48
1988,Pretty Poison,47
1988,Jody Watley,46
1988,Bruce Hornsby and the Range,45
1988,Paul Carrack,44
1988,Peter Cetera,43
1988,Debbie Gibson,42
1988,Belinda Carlisle,40
1988,Pebbles,39
1988,Kenny Loggins,38
1988,Daryl Hall & John Oates,37
1988,Prince,37
1988,Belinda Carlisle,37
1988,The Jets,35
1988,Samantha Fox,34
1988,Bon Jovi,31
1988,Steve Winwood,30
1988,Chicago,28
1988,Cheap Trick,26
1988,Bobby Brown,26
1988,Taylor Dayne,25
1988,Tiffany,23
1988,New Edition,7
1988,Taylor Dayne,5
1988,Information Society,1
1988,Gloria Estefan and Miami Sound Machine,0
1989,R.E.M.,90
1989,Tone Lōc,85
1989,Guns N’ Roses,82
1989,Jody Watley with Eric B. & Rakim,81
1989,Guns N’ Roses,80
1989,Jody Watley,79
1989,Dino,78
1989,Cher and Peter Cetera,77
1989,Love and Rockets,77
1989,Richard Marx,76
1989,Madonna,75
1989,Michael Jackson,75
1989,Fine Young Cannibals,74
1989,Roxette,74
1989,Skid Row,73
1989,Guns N’ Roses,72
1989,Warrant,71
1989,Poison,70
1989,Cher,70
1989,The B-52s,70
1989,Motley Crue,69
1989,Michael Damian,69
1989,Bobby Brown,69
1989,Richard Marx,69
1989,.38 Special,69
1989,Vanessa Williams,67
1989,Debbie Gibson,67
1989,The Cure,66
1989,Information Society,66
1989,Paula Abdul,65
1989,Sheriff,65
1989,Young MC,64
1989,Bobby Brown,64
1989,Fine Young Cannibals,64
1989,The Jeff Healey Band,63
1989,Cyndi Lauper,63
1989,Tears for Fears,63
1989,Edie Brickell & New Bohemians,63
1989,Natalie Cole,62
1989,Bad English,62
1989,Bon Jovi,61
1989,Madonna,61
1989,Martika,61
1989,Boy Meets Girl,61
1989,Madonna,60
1989,Tiffany,59
1989,Lita Ford and Ozzy Osbourne,59
1989,Simply Red,59
1989,Bobby Brown,59
1989,Don Henley,59
1989,Bette Midler,59
1989,Tone Lōc,58
1989,Great White,58
1989,Donny Osmond,58
1989,Milli Vanilli,58
1989,Roxette,57
1989,White Lion,57
1989,Def Leppard,55
1989,The Bangles,55
1989,Bobby Brown,55
1989,Karyn White,55
1989,New Kids on the Block,55
1989,Aerosmith,54
1989,Mike + The Mechanics,54
1989,Donna Summer,54
1989,Neneh Cherry,53
1989,Anita Baker,53
1989,Deon Estus,53
1989,Soul II Soul,53
1989,New Kids on the Block,52
1989,Surface,52
1989,Paula Abdul,51
1989,Gloria Estefan,51
1989,The Bangles,51
1989,Bon Jovi,51
1989,Chicago,51
1989,Sa-Fire,50
1989,Milli Vanilli,49
1989,New Kids on the Block,49
1989,Janet Jackson,49
1989,Annie Lennox & Al Green,49
1989,Bobby Brown,48
1989,Rick Astley,48
1989,Exposé,48
1989,Prince,46
1989,Paula Abdul,46
1989,Babyface,45
1989,Ann Wilson and Robin Zander,45
1989,Samantha Fox,42
1989,Rod Stewart,37
1989,Karyn White,37
1989,Milli Vanilli,36
1989,Phil Collins,31
1989,Bon Jovi,30
1989,Sheena Easton,28
1989,Exposé,24
1989,Boys Club,19
1989,Taylor Dayne,15
1989,New Kids on the Block,15
1989,Will to Power,0
