Entity Name,Fiscal Year,Total Expenditures,Estimated Population,Expenditures Per Capita
Alameda,2024,4244700272,1641869,2585
Alpine,2024,27326942,1179,23178
Amador,2024,125814417,39611,3176
Butte,2024,604671332,205928,2936
Calaveras,2024,163584784,44842,3648
Colusa,2024,92032288,21743,4233
Contra Costa,2024,5549211078,1146626,4840
Del Norte,2024,98317911,26345,3732
El Dorado,2024,586097683,188583,3108
Fresno,2024,2636081403,1017431,2591
Glenn,2024,146179910,28736,5087
Humboldt,2024,560985605,133100,4215
Imperial,2024,586066750,182881,3205
Inyo,2024,115890795,18856,6146
Kern,2024,2711087245,910300,2978
Kings,2024,431292670,152627,2826
Lake,2024,245636175,67001,3666
Lassen,2024,84166374,28197,2985
Los Angeles,2024,37577235037,9824091,3825
Madera,2024,440087506,159328,2762
Marin,2024,938068853,252844,3710
Mariposa,2024,117670055,16966,6936
Mendocino,2024,392867138,89476,4391
Merced,2024,834846656,287303,2906
Modoc,2024,42578362,8484,5019
Mono,2024,97606498,12861,7589
Monterey,2024,1681600630,437614,3843
Napa,2024,616676926,135029,4567
Nevada,2024,283322727,100177,2828
Orange,2024,6424119390,3150835,2039
Placer,2024,1059242991,412844,2566
Plumas,2024,93161452,18841,4945
Riverside,2024,7576821683,2442378,3102
Sacramento,2024,4808346528,1578938,3045
San Benito,2024,182102047,65853,2765
San Bernardino,2024,6529897911,2181433,2993
San Diego,2024,7476987270,3291101,2272
San Joaquin,2024,2333165385,791408,2948
San Luis Obispo,2024,935180478,278469,3358
San Mateo,2024,2739777856,741565,3695
Santa Barbara,2024,1464511047,443623,3301
Santa Clara,2024,10722903297,1903198,5634
Santa Cruz,2024,1048647525,262572,3994
Shasta,2024,521946172,179195,2913
Sierra,2024,40367735,3171,12730
Siskiyou,2024,163325345,43409,3762
Solano,2024,1087646199,446426,2436
Sonoma,2024,1569097870,478152,3282
Stanislaus,2024,1401372428,548744,2554
Sutter,2024,280534571,100110,2802
Tehama,2024,226233444,64308,3518
Trinity,2024,83960643,15915,5276
Tulare,2024,1316787306,478918,2750
Tuolumne,2024,236143507,54407,4340
Ventura,2024,3010778369,823863,3654
Yolo,2024,608595393,221666,2746
Yuba,2024,313630201,83721,3746
Alameda,2023,4037262848,1636194,2467
Alameda,2022,3993773203,1651979,2418
Alameda,2021,4788857663,1662370,2881
Alameda,2020,3554360577,1670834,2127
Alameda,2019,3339008906,1669301,2000
Alameda,2018,2937009130,1660202,1769
Alameda,2017,2834852878,1645359,1723
Alameda,2016,2466628582,1627865,1515
Alameda,2015,2462509900,1594569,1544
Alameda,2014,2405508090,1573254,1529
Alameda,2013,2295382137,1548681,1482
Alameda,2012,2221267982,1532137,1450
Alameda,2011,2186575262,1521157,1437
Alameda,2010,2083268145,1574857,1323
Alameda,2009,2031238550,1556657,1305
Alameda,2008,1944733831,1543000,1260
Alameda,2007,1840512393,1526148,1206
Alameda,2006,1789076569,1510303,1185
Alameda,2005,1693220824,1507500,1123
Alameda,2004,1649739744,1498020,1101
Alameda,2003,1836243665,1496218,1227
Alpine,2023,27412529,1184,23152
Alpine,2022,21822941,1200,18186
Alpine,2021,20302313,1195,16989
Alpine,2020,25003688,1142,21895
Alpine,2019,21924691,1162,18868
Alpine,2018,18038469,1154,15631
Alpine,2017,16806357,1151,14602
Alpine,2016,14801625,1166,12694
Alpine,2015,14479421,1121,12917
Alpine,2014,18593470,1079,17232
Alpine,2013,15857853,1087,14589
Alpine,2012,18559365,1097,16918
Alpine,2011,14988662,1176,12745
Alpine,2010,14578603,1189,12261
Alpine,2009,15928407,1201,13263
Alpine,2008,16252352,1222,13300
Alpine,2007,15828512,1261,12552
Alpine,2006,12990891,1241,10468
Alpine,2005,11971845,1262,9486
Alpine,2004,11786381,1275,9244
Alpine,2003,10484122,1208,8679
Amador,2023,112703851,39837,2829
Amador,2022,114617123,40297,2844
Amador,2021,99390041,40287,2467
Amador,2020,93869535,37676,2491
Amador,2019,82387142,38294,2151
Amador,2018,75455001,38094,1981
Amador,2017,75321932,38382,1962
Amador,2016,67509530,37707,1790
Amador,2015,65523618,36312,1804
Amador,2014,62404951,36151,1726
Amador,2013,59949058,36741,1632
Amador,2012,59289357,37120,1597
Amador,2011,58227532,37911,1536
Amador,2010,61056979,38022,1606
Amador,2009,61467665,38080,1614
Amador,2008,65445833,37943,1725
Amador,2007,69470969,38435,1807
Amador,2006,65969657,38133,1730
Amador,2005,51370044,37574,1367
Amador,2004,45919323,36834,1247
Amador,2003,38124410,36523,1044
Butte,2023,532133719,205592,2588
Butte,2022,518636375,201608,2572
Butte,2021,511083710,206640,2473
Butte,2020,458426158,210291,2180
Butte,2019,449421432,226466,1984
Butte,2018,419566673,227621,1843
Butte,2017,402575447,226404,1778
Butte,2016,359472359,224601,1600
Butte,2015,346021855,224323,1543
Butte,2014,329455634,222316,1482
Butte,2013,347665055,221485,1570
Butte,2012,351797294,221273,1590
Butte,2011,344618539,221388,1557
Butte,2010,345569828,221768,1558
Butte,2009,351885090,220748,1594
Butte,2008,337211352,220407,1530
Butte,2007,334398953,218069,1533
Butte,2006,313286152,217209,1442
Butte,2005,297423988,214119,1389
Butte,2004,286921500,212745,1349
Butte,2003,281495381,210367,1338
Calaveras,2023,151427715,44890,3373
Calaveras,2022,140217306,45049,3113
Calaveras,2021,125096675,45250,2765
Calaveras,2020,119563520,45023,2656
Calaveras,2019,138199329,45117,3063
Calaveras,2018,101249425,45157,2242
Calaveras,2017,103545726,45168,2292
Calaveras,2016,79017852,45207,1748
Calaveras,2015,74242525,45668,1626
Calaveras,2014,83653600,44650,1874
Calaveras,2013,97959949,44932,2180
Calaveras,2012,83653260,44840,1866
Calaveras,2011,72979521,45693,1597
Calaveras,2010,70766481,45870,1543
Calaveras,2009,78327109,45987,1703
Calaveras,2008,79546543,46127,1725
Calaveras,2007,72491904,46028,1575
Calaveras,2006,72719484,45711,1591
Calaveras,2005,59935893,44796,1338
Calaveras,2004,53644839,43339,1238
Calaveras,2003,49224324,42458,1159
Colusa,2023,84363269,21771,3875
Colusa,2022,71191536,21807,3265
Colusa,2021,71086236,21773,3265
Colusa,2020,62213999,21902,2841
Colusa,2019,62770657,22117,2838
Colusa,2018,61793173,22098,2796
Colusa,2017,57662770,22043,2616
Colusa,2016,56754215,21948,2586
Colusa,2015,52097886,21715,2399
Colusa,2014,56162747,21660,2593
Colusa,2013,53867054,21674,2485
Colusa,2012,47080206,21690,2171
Colusa,2011,46753162,21593,2165
Colusa,2010,46636818,22206,2100
Colusa,2009,45788350,21997,2082
Colusa,2008,48570645,21910,2217
Colusa,2007,41276436,21951,1880
Colusa,2006,37158716,21512,1727
Colusa,2005,33230562,20880,1592
Colusa,2004,33016376,20105,1642
Colusa,2003,34470394,19700,1750
Contra Costa,2023,4694189046,1147653,4090
Contra Costa,2022,4285458019,1156555,3705
Contra Costa,2021,4119717910,1161324,3547
Contra Costa,2020,3686425494,1153561,3196
Contra Costa,2019,3542107990,1155879,3064
Contra Costa,2018,3086181054,1149363,2685
Contra Costa,2017,2942527728,1139513,2582
Contra Costa,2016,2670142484,1123429,2377
Contra Costa,2015,2598449579,1102871,2356
Contra Costa,2014,2260176890,1087008,2079
Contra Costa,2013,2159734994,1074702,2010
Contra Costa,2012,2016639285,1065117,1893
Contra Costa,2011,1937982203,1056064,1835
Contra Costa,2010,1805784477,1073055,1683
Contra Costa,2009,1865767496,1060435,1759
Contra Costa,2008,1887446238,1051674,1795
Contra Costa,2007,1795654114,1042341,1723
Contra Costa,2006,1650775320,1029377,1604
Contra Costa,2005,1595294731,1020898,1563
Contra Costa,2004,1541478814,1003909,1535
Contra Costa,2003,1479194711,994908,1487
Del Norte,2023,90496756,26599,3402
Del Norte,2022,86095314,27218,3163
Del Norte,2021,87579546,27593,3174
Del Norte,2020,80567910,27298,2951
Del Norte,2019,77396633,27401,2825
Del Norte,2018,74253520,27221,2728
Del Norte,2017,71648370,27124,2642
Del Norte,2016,70442451,26811,2627
Del Norte,2015,69830915,28031,2491
Del Norte,2014,62894734,28131,2236
Del Norte,2013,66313113,28380,2337
Del Norte,2012,63595956,28429,2237
Del Norte,2011,53736105,28594,1879
Del Norte,2010,55408451,29673,1867
Del Norte,2009,60008250,29547,2031
Del Norte,2008,56265599,29419,1913
Del Norte,2007,55102516,29341,1878
Del Norte,2006,53060246,29196,1817
Del Norte,2005,48185949,28895,1668
Del Norte,2004,43997601,28266,1557
Del Norte,2003,44008716,27848,1580
El Dorado,2023,560707185,189006,2967
El Dorado,2022,451126569,190465,2369
El Dorado,2021,447024720,191054,2340
El Dorado,2020,452579084,193227,2342
El Dorado,2019,453471879,191848,2364
El Dorado,2018,337411051,188399,1791
El Dorado,2017,312951842,185062,1691
El Dorado,2016,312825778,183750,1702
El Dorado,2015,304980251,184917,1649
El Dorado,2014,276833206,182404,1518
El Dorado,2013,270617935,182286,1485
El Dorado,2012,260871342,180712,1444
El Dorado,2011,267356271,182498,1465
El Dorado,2010,268680830,182019,1476
El Dorado,2009,285550953,180185,1585
El Dorado,2008,300573204,179722,1672
El Dorado,2007,274209038,178674,1535
El Dorado,2006,250534550,176204,1422
El Dorado,2005,219012662,173407,1263
El Dorado,2004,201469618,168117,1198
El Dorado,2003,193653341,166030,1166
Fresno,2023,2456227607,1011499,2428
Fresno,2022,2380000092,1011273,2353
Fresno,2021,2228506619,1009231,2208
Fresno,2020,2027046000,1023358,1981
Fresno,2019,1878051000,1018241,1844
Fresno,2018,1783079000,1007229,1770
Fresno,2017,1649858000,995975,1657
Fresno,2016,1385152576,984541,1407
Fresno,2015,1310995778,972297,1348
Fresno,2014,1243526163,964040,1290
Fresno,2013,1224642063,952166,1286
Fresno,2012,1174535564,945711,1242
Fresno,2011,1221747562,940220,1299
Fresno,2010,1195960511,953761,1254
Fresno,2009,1272148945,942298,1350
Fresno,2008,1270148662,931098,1364
Fresno,2007,1166395630,917515,1271
Fresno,2006,1144675056,899514,1273
Fresno,2005,1047151171,883537,1185
Fresno,2004,1009460514,862642,1170
Fresno,2003,1017200556,841423,1209
Glenn,2023,136543233,28636,4768
Glenn,2022,122682064,28750,4267
Glenn,2021,102989903,28788,3578
Glenn,2020,101525295,29400,3453
Glenn,2019,93915379,29132,3224
Glenn,2018,79330565,28796,2755
Glenn,2017,72240174,28731,2514
Glenn,2016,62882626,28668,2193
Glenn,2015,60659342,28728,2112
Glenn,2014,64345624,28353,2269
Glenn,2013,68064510,28349,2401
Glenn,2012,65960412,28122,2346
Glenn,2011,66014786,28273,2335
Glenn,2010,68744257,29434,2336
Glenn,2009,70075785,29239,2397
Glenn,2008,70367378,29195,2410
Glenn,2007,64072512,28915,2216
Glenn,2006,63129442,28651,2203
Glenn,2005,56481013,28197,2003
Glenn,2004,55442304,27756,1997
Glenn,2003,59612814,27071,2202
Humboldt,2023,500247164,134047,3732
Humboldt,2022,455598439,135168,3371
Humboldt,2021,0,133302,0
Humboldt,2020,0,133302,0
Humboldt,2019,400220086,135333,2957
Humboldt,2018,372243534,136002,2737
Humboldt,2017,328233619,136953,2397
Humboldt,2016,280156807,135116,2073
Humboldt,2015,261055439,134398,1942
Humboldt,2014,258159217,134648,1917
Humboldt,2013,239056571,135209,1768
Humboldt,2012,239716576,134587,1781
Humboldt,2011,232619292,135263,1720
Humboldt,2010,233685993,133400,1752
Humboldt,2009,242677262,132755,1828
Humboldt,2008,226215726,132821,1703
Humboldt,2007,214270378,131959,1624
Humboldt,2006,203505136,132526,1536
Humboldt,2005,183340775,131334,1396
Humboldt,2004,188597609,129964,1451
Humboldt,2003,184457563,128347,1437
Imperial,2023,595050863,179476,3315
Imperial,2022,496025913,179329,2766
Imperial,2021,477678847,179488,2661
Imperial,2020,454294433,188777,2407
Imperial,2019,443573873,190266,2331
Imperial,2018,443023733,190624,2324
Imperial,2017,439403052,188334,2333
Imperial,2016,313348529,185831,1686
Imperial,2015,326775920,183429,1781
Imperial,2014,289705311,180672,1603
Imperial,2013,283034960,180061,1572
Imperial,2012,280430365,177441,1580
Imperial,2011,274556866,176258,1558
Imperial,2010,261770616,183029,1430
Imperial,2009,254440145,179254,1419
Imperial,2008,247313372,176158,1404
Imperial,2007,232566033,172672,1347
Imperial,2006,219519494,166585,1318
Imperial,2005,205835949,161800,1272
Imperial,2004,196494143,156562,1255
Imperial,2003,193013972,150909,1279
Inyo,2023,107193412,18896,5673
Inyo,2022,104161223,18978,5489
Inyo,2021,91418869,18982,4816
Inyo,2020,85698339,18584,4611
Inyo,2019,78093100,18593,4200
Inyo,2018,76019832,18577,4092
Inyo,2017,74000296,18619,3974
Inyo,2016,67720679,18650,3631
Inyo,2015,62986131,18574,3391
Inyo,2014,67407283,18590,3626
Inyo,2013,68004848,18573,3661
Inyo,2012,63172834,18461,3422
Inyo,2011,64907072,18634,3483
Inyo,2010,61731395,18110,3409
Inyo,2009,61936597,18049,3432
Inyo,2008,62011250,18152,3416
Inyo,2007,56464288,18383,3072
Inyo,2006,51511018,18515,2782
Inyo,2005,48340146,18592,2600
Inyo,2004,52100646,18515,2814
Inyo,2003,49256868,18351,2684
Kern,2023,2472436017,907476,2725
Kern,2022,2199605429,909813,2418
Kern,2021,2078918057,907324,2291
Kern,2020,2030108956,917553,2213
Kern,2019,1844654959,916464,2013
Kern,2018,1822485809,905801,2012
Kern,2017,1798910958,895112,2010
Kern,2016,1774234626,886507,2001
Kern,2015,1676595034,874264,1918
Kern,2014,1720884350,873092,1971
Kern,2013,1601784836,857882,1867
Kern,2012,1552674370,850006,1827
Kern,2011,1555380622,846883,1837
Kern,2010,1533701063,839587,1827
Kern,2009,1542072859,827173,1864
Kern,2008,1526340679,817517,1867
Kern,2007,1361120866,801648,1698
Kern,2006,1282984826,779869,1645
Kern,2005,1194069564,753070,1586
Kern,2004,1136681877,724883,1568
Kern,2003,1113129368,702873,1584
Kings,2023,404475659,151018,2678
Kings,2022,368319954,152023,2423
Kings,2021,330476854,151059,2188
Kings,2020,312684819,153608,2036
Kings,2019,289041197,153710,1880
Kings,2018,289127782,151662,1906
Kings,2017,285032685,149537,1906
Kings,2016,243599118,150373,1620
Kings,2015,224669014,149721,1501
Kings,2014,198913637,150181,1324
Kings,2013,189311156,152007,1245
Kings,2012,180967549,152419,1187
Kings,2011,186724804,153365,1218
Kings,2010,184865685,156289,1183
Kings,2009,186145923,154743,1203
Kings,2008,177741648,154434,1151
Kings,2007,169144073,151381,1117
Kings,2006,172021048,147729,1164
Kings,2005,158454006,144732,1095
Kings,2004,137172266,141434,970
Kings,2003,135795955,136108,998
Lake,2023,220906714,66800,3307
Lake,2022,189017137,67407,2804
Lake,2021,179721526,67651,2657
Lake,2020,165129158,64040,2579
Lake,2019,169593043,65071,2606
Lake,2018,139957417,65081,2151
Lake,2017,135403377,64945,2085
Lake,2016,137893191,64306,2144
Lake,2015,117225303,64918,1806
Lake,2014,123347399,64699,1906
Lake,2013,111995868,64531,1736
Lake,2012,113540568,63266,1795
Lake,2011,115093688,64784,1777
Lake,2010,118868288,64053,1856
Lake,2009,121641662,64025,1900
Lake,2008,117582534,64059,1836
Lake,2007,111360000,64276,1733
Lake,2006,98962444,64105,1544
Lake,2005,93899821,63250,1485
Lake,2004,91066996,63242,1440
Lake,2003,91502560,61307,1493
Lassen,2023,80245490,28275,2838
Lassen,2022,82726639,30274,2733
Lassen,2021,74364622,31132,2389
Lassen,2020,75598347,28833,2622
Lassen,2019,66208706,30150,2196
Lassen,2018,65140191,30911,2107
Lassen,2017,64362436,30918,2082
Lassen,2016,64970857,30780,2111
Lassen,2015,55052791,32092,1715
Lassen,2014,56042602,32581,1720
Lassen,2013,54414928,33422,1628
Lassen,2012,59620389,34167,1745
Lassen,2011,56644193,34577,1638
Lassen,2010,57188664,35889,1593
Lassen,2009,62453391,35550,1757
Lassen,2008,59973473,35757,1677
Lassen,2007,56747361,36375,1560
Lassen,2006,50747084,35452,1431
Lassen,2005,50271748,35455,1418
Lassen,2004,49888743,34846,1432
Lassen,2003,45019480,34955,1288
Los Angeles,2023,34758841035,9761210,3561
Los Angeles,2022,32540895802,9861224,3300
Los Angeles,2021,31948687234,9931338,3217
Los Angeles,2020,29665296843,10172951,2916
Los Angeles,2019,28083917455,10253716,2739
Los Angeles,2018,24519768888,10283729,2384
Los Angeles,2017,23013232081,10241278,2247
Los Angeles,2016,20242539438,10241335,1977
Los Angeles,2015,19690149858,10136559,1942
Los Angeles,2014,19094669651,10041797,1902
Los Angeles,2013,18257123616,9958091,1833
Los Angeles,2012,17483298232,9884632,1769
Los Angeles,2011,17290917622,9858989,1754
Los Angeles,2010,16862384547,10441080,1615
Los Angeles,2009,16851720536,10393185,1621
Los Angeles,2008,16100171140,10363850,1553
Los Angeles,2007,14997022813,10331939,1452
Los Angeles,2006,14172321880,10245572,1383
Los Angeles,2005,14365105256,10226506,1405
Los Angeles,2004,13827846793,10102961,1369
Los Angeles,2003,13664413100,9979618,1369
Madera,2023,430435595,158148,2722
Madera,2022,377379658,157396,2398
Madera,2021,348226135,156385,2227
Madera,2020,394482798,158147,2494
Madera,2019,298185069,159536,1869
Madera,2018,258623578,158894,1628
Madera,2017,241879499,156492,1546
Madera,2016,213065514,155349,1372
Madera,2015,201400987,155878,1292
Madera,2014,190582221,153897,1238
Madera,2013,191015636,152711,1251
Madera,2012,184283427,152074,1212
Madera,2011,178214387,151949,1173
Madera,2010,180527354,153655,1175
Madera,2009,182178177,152331,1196
Madera,2008,180503001,150887,1196
Madera,2007,187551832,148721,1261
Madera,2006,165950919,144396,1149
Madera,2005,137268727,141007,973
Madera,2004,130722906,135262,966
Madera,2003,128704763,131168,981
Marin,2023,843450915,252959,3334
Marin,2022,790816903,257135,3075
Marin,2021,802539689,259512,3092
Marin,2020,724036611,260831,2776
Marin,2019,690137856,262879,2625
Marin,2018,564129554,263886,2138
Marin,2017,495883135,263604,1881
Marin,2016,563971097,262274,2150
Marin,2015,482374991,258972,1863
Marin,2014,494031653,255846,1931
Marin,2013,409262889,254007,1611
Marin,2012,435482895,254790,1709
Marin,2011,432353051,254692,1698
Marin,2010,416192399,260651,1597
Marin,2009,438437352,258618,1695
Marin,2008,448383574,257406,1742
Marin,2007,396210624,255982,1548
Marin,2006,371529246,253341,1467
Marin,2005,332268260,252485,1316
Marin,2004,325819713,250169,1302
Marin,2003,315726628,250409,1261
Mariposa,2023,124612429,16935,7358
Mariposa,2022,94610365,17045,5551
Mariposa,2021,91827556,17066,5381
Mariposa,2020,90940915,18067,5034
Mariposa,2019,86891541,18068,4809
Mariposa,2018,79050790,18129,4360
Mariposa,2017,71140607,18148,3920
Mariposa,2016,61480903,18159,3386
Mariposa,2015,59030595,17791,3318
Mariposa,2014,59047584,18467,3197
Mariposa,2013,56464078,18026,3132
Mariposa,2012,55986576,17716,3160
Mariposa,2011,56608234,18261,3100
Mariposa,2010,57650698,18192,3169
Mariposa,2009,54409302,18306,2972
Mariposa,2008,50312681,18406,2733
Mariposa,2007,45788326,18254,2508
Mariposa,2006,43254567,18216,2375
Mariposa,2005,42325979,17991,2353
Mariposa,2004,38809040,17646,2199
Mariposa,2003,39198439,17465,2244
Mendocino,2023,336530270,89164,3774
Mendocino,2022,0,89999,0
Mendocino,2021,319891957,90669,3528
Mendocino,2020,280215500,87946,3186
Mendocino,2019,261959057,89009,2943
Mendocino,2018,250531915,89299,2806
Mendocino,2017,225523141,89134,2530
Mendocino,2016,201358450,88378,2278
Mendocino,2015,192219913,88863,2163
Mendocino,2014,177230411,89029,1991
Mendocino,2013,171453568,88291,1942
Mendocino,2012,169368371,87572,1934
Mendocino,2011,179357256,88197,2034
Mendocino,2010,195011288,90289,2160
Mendocino,2009,191879909,90206,2127
Mendocino,2008,184573118,90163,2047
Mendocino,2007,174598000,90291,1934
Mendocino,2006,162905561,90445,1801
Mendocino,2005,153641373,89974,1708
Mendocino,2004,163330186,89190,1831
Mendocino,2003,148767810,88222,1686
Merced,2023,744481942,285337,2609
Merced,2022,636164320,284338,2237
Merced,2021,670551110,281874,2379
Merced,2020,616271020,283521,2174
Merced,2019,580729431,282928,2053
Merced,2018,561623510,279977,2006
Merced,2017,515368644,274665,1876
Merced,2016,424732164,271579,1564
Merced,2015,412036519,266134,1548
Merced,2014,393380153,264922,1485
Merced,2013,373693857,262478,1424
Merced,2012,371059926,258736,1434
Merced,2011,385200770,257984,1493
Merced,2010,383996571,258495,1486
Merced,2009,389557106,256450,1519
Merced,2008,370634095,255250,1452
Merced,2007,357572491,251510,1422
Merced,2006,326296969,246751,1322
Merced,2005,293333513,240162,1221
Merced,2004,288766683,232141,1244
Merced,2003,314670567,225138,1398
Modoc,2023,37879763,8527,4442
Modoc,2022,35602503,8690,4097
Modoc,2021,34113524,8606,3964
Modoc,2020,36154517,9570,3778
Modoc,2019,33609521,9602,3500
Modoc,2018,29753442,9612,3095
Modoc,2017,31828795,9580,3322
Modoc,2016,28443086,9638,2951
Modoc,2015,27707963,9399,2948
Modoc,2014,25088152,9197,2728
Modoc,2013,27623442,9522,2901
Modoc,2012,29831096,9566,3118
Modoc,2011,37865746,9705,3902
Modoc,2010,43003201,9777,4398
Modoc,2009,43774672,9698,4514
Modoc,2008,40172192,9702,4141
Modoc,2007,37712673,9721,3880
Modoc,2006,35313716,9836,3590
Modoc,2005,34458556,9700,3552
Modoc,2004,30840652,9640,3199
Modoc,2003,32074204,9335,3436
Mono,2023,82745767,13156,6290
Mono,2022,71365722,13379,5334
Mono,2021,68042229,13299,5116
Mono,2020,85126628,13464,6323
Mono,2019,66162053,13616,4859
Mono,2018,59491344,13822,4304
Mono,2017,53725144,13713,3918
Mono,2016,51097061,13721,3724
Mono,2015,49992964,14695,3402
Mono,2014,51026795,14143,3608
Mono,2013,54352990,14493,3750
Mono,2012,56215388,14391,3906
Mono,2011,60068773,14308,4198
Mono,2010,58926582,13617,4327
Mono,2009,57600896,13504,4265
Mono,2008,49669127,13759,3610
Mono,2007,43781640,13985,3131
Mono,2006,41083307,13597,3021
Mono,2005,39775124,13563,2933
Mono,2004,31669306,13520,2342
Mono,2003,31367310,13337,2352
Monterey,2023,1591633498,430368,3698
Monterey,2022,1437310406,433716,3314
Monterey,2021,1352346165,435721,3104
Monterey,2020,1284176785,441143,2911
Monterey,2019,1247060181,445414,2800
Monterey,2018,1166712228,443281,2632
Monterey,2017,1055209960,442365,2385
Monterey,2016,935562384,437178,2140
Monterey,2015,866867541,425413,2038
Monterey,2014,794065935,425756,1865
Monterey,2013,766589843,421494,1819
Monterey,2012,761268611,420668,1810
Monterey,2011,757734799,419038,1808
Monterey,2010,778942895,435878,1787
Monterey,2009,814173685,431892,1885
Monterey,2008,733315546,428549,1711
Monterey,2007,700108179,425960,1644
Monterey,2006,645333320,424842,1519
Monterey,2005,608142557,425102,1431
Monterey,2004,583903350,421441,1385
Monterey,2003,632875410,415773,1522
Napa,2023,510484175,134637,3792
Napa,2022,449384109,136179,3300
Napa,2021,434773819,137518,3162
Napa,2020,426092391,139088,3063
Napa,2019,390786557,140779,2776
Napa,2018,403240781,141294,2854
Napa,2017,365243179,142408,2565
Napa,2016,325940289,142028,2295
Napa,2015,295100960,140362,2102
Napa,2014,307777489,139255,2210
Napa,2013,269215022,138383,1945
Napa,2012,249503537,138255,1805
Napa,2011,244379746,137639,1776
Napa,2010,228294070,138917,1643
Napa,2009,230336267,137571,1674
Napa,2008,226425921,136704,1656
Napa,2007,204153748,135969,1501
Napa,2006,186687585,134444,1389
Napa,2005,185730933,133294,1393
Napa,2004,176544506,131624,1341
Napa,2003,161328437,129776,1243
Nevada,2023,261659294,100720,2598
Nevada,2022,241805355,101242,2388
Nevada,2021,222366927,101919,2182
Nevada,2020,219757698,98114,2240
Nevada,2019,192568927,98904,1947
Nevada,2018,172492548,99155,1740
Nevada,2017,168951476,98828,1710
Nevada,2016,146953147,98095,1498
Nevada,2015,135312679,98193,1378
Nevada,2014,132487296,97225,1363
Nevada,2013,134354023,97019,1385
Nevada,2012,143152631,97182,1473
Nevada,2011,144893147,99111,1462
Nevada,2010,143845893,98680,1458
Nevada,2009,146326164,98718,1482
Nevada,2008,138521570,99186,1397
Nevada,2007,124983666,99766,1253
Nevada,2006,122899101,100066,1228
Nevada,2005,108339098,98955,1095
Nevada,2004,114815942,96065,1195
Nevada,2003,105652209,95749,1103
Orange,2023,6181664285,3137164,1970
Orange,2022,5611562789,3162245,1775
Orange,2021,5785486386,3169542,1825
Orange,2020,5145135700,3194332,1611
Orange,2019,4972108200,3222498,1543
Orange,2018,4550168872,3221103,1413
Orange,2017,4233510558,3194024,1325
Orange,2016,3614276100,3183011,1135
Orange,2015,3429426065,3147655,1090
Orange,2014,3444934619,3113991,1106
Orange,2013,3325199979,3081804,1079
Orange,2012,3216502837,3055792,1053
Orange,2011,3083894766,3029859,1018
Orange,2010,3007166924,3166461,950
Orange,2009,3326887750,3139017,1060
Orange,2008,3680914588,3121251,1179
Orange,2007,3244089859,3098121,1047
Orange,2006,3220836590,3072336,1048
Orange,2005,2737295734,3056865,895
Orange,2004,2670898589,3017298,885
Orange,2003,2596498190,2978816,872
Placer,2023,981424517,410305,2392
Placer,2022,865998403,409025,2117
Placer,2021,866840602,407517,2127
Placer,2020,848532528,403711,2102
Placer,2019,732183711,396691,1846
Placer,2018,717175177,389532,1841
Placer,2017,678378863,382837,1772
Placer,2016,574153000,373796,1536
Placer,2015,578198171,369454,1565
Placer,2014,546793297,366115,1494
Placer,2013,501891180,357463,1404
Placer,2012,495654443,355328,1395
Placer,2011,537970091,352380,1527
Placer,2010,512384751,347102,1476
Placer,2009,542081892,339577,1596
Placer,2008,482768791,333401,1448
Placer,2007,438115533,324495,1350
Placer,2006,411035963,316508,1299
Placer,2005,366206056,305675,1198
Placer,2004,318761304,292095,1091
Placer,2003,315541248,275612,1145
Plumas,2023,82837872,18996,4361
Plumas,2022,71935046,18942,3798
Plumas,2021,69482558,19574,3550
Plumas,2020,67049166,18260,3672
Plumas,2019,63793630,19779,3225
Plumas,2018,62070112,19773,3139
Plumas,2017,61076248,19819,3082
Plumas,2016,58364016,19879,2936
Plumas,2015,52098609,19560,2664
Plumas,2014,48249746,19140,2521
Plumas,2013,46266389,19643,2355
Plumas,2012,50644408,19718,2568
Plumas,2011,50833158,20025,2538
Plumas,2010,52069533,20428,2549
Plumas,2009,53577796,20632,2597
Plumas,2008,57957865,20917,2771
Plumas,2007,57558454,21128,2724
Plumas,2006,56076159,21444,2615
Plumas,2005,54802370,21231,2581
Plumas,2004,46954150,21104,2225
Plumas,2003,46350931,20881,2220
Riverside,2023,6768459407,2439234,2775
Riverside,2022,6192118754,2435525,2542
Riverside,2021,5842413291,2424587,2410
Riverside,2020,6194738173,2442304,2536
Riverside,2019,4900770123,2440124,2008
Riverside,2018,4620872117,2415955,1913
Riverside,2017,4517309223,2384783,1894
Riverside,2016,3816617187,2347828,1626
Riverside,2015,3603227285,2308441,1561
Riverside,2014,3428441205,2279967,1504
Riverside,2013,3216241149,2255059,1426
Riverside,2012,3089526728,2227577,1387
Riverside,2011,3103508291,2217778,1399
Riverside,2010,3232475481,2139535,1511
Riverside,2009,3232432280,2107653,1534
Riverside,2008,3116995532,2088322,1493
Riverside,2007,2831873128,2031625,1394
Riverside,2006,2525990807,1953330,1293
Riverside,2005,2384176111,1877000,1270
Riverside,2004,2135951495,1776743,1202
Riverside,2003,1911933307,1705537,1121
Sacramento,2023,4557451823,1572453,2898
Sacramento,2022,4039846294,1576618,2562
Sacramento,2021,3905768915,1580624,2471
Sacramento,2020,3729073717,1555365,2398
Sacramento,2019,3529448000,1546174,2283
Sacramento,2018,3416111000,1529501,2233
Sacramento,2017,3279358000,1514770,2165
Sacramento,2016,2817336666,1495297,1884
Sacramento,2015,2678172643,1470912,1821
Sacramento,2014,2575821280,1454406,1771
Sacramento,2013,2487137490,1445806,1720
Sacramento,2012,2363305895,1435153,1647
Sacramento,2011,2401936692,1428355,1682
Sacramento,2010,2370413029,1445327,1640
Sacramento,2009,2725078853,1433187,1901
Sacramento,2008,2673733820,1424415,1877
Sacramento,2007,2484467091,1406804,1766
Sacramento,2006,2281883683,1385607,1647
Sacramento,2005,2071124149,1369855,1512
Sacramento,2004,2230049669,1335368,1670
Sacramento,2003,2090820402,1309611,1597
San Benito,2023,146233408,65666,2227
San Benito,2022,124341025,65479,1899
San Benito,2021,132352718,64769,2043
San Benito,2020,111357150,62353,1786
San Benito,2019,106134564,62296,1704
San Benito,2018,88464740,57088,1550
San Benito,2017,74142895,56854,1304
San Benito,2016,72817483,56648,1285
San Benito,2015,68322799,58344,1171
San Benito,2014,68288887,57517,1187
San Benito,2013,66663570,56669,1176
San Benito,2012,72213035,55815,1294
San Benito,2011,77729512,55619,1398
San Benito,2010,78449387,58388,1344
San Benito,2009,73915397,58016,1274
San Benito,2008,77753794,57784,1346
San Benito,2007,66232874,57803,1146
San Benito,2006,58466981,57627,1015
San Benito,2005,57336434,57602,995
San Benito,2004,53276948,57116,933
San Benito,2003,53727946,56309,954
San Bernardino,2023,5982969615,2182056,2742
San Bernardino,2022,5419164764,2187665,2477
San Bernardino,2021,5281337411,2182343,2420
San Bernardino,2020,5120037434,2180537,2348
San Bernardino,2019,4733902714,2192203,2159
San Bernardino,2018,4209050306,2174938,1935
San Bernardino,2017,3881301360,2160256,1797
San Bernardino,2016,3298516824,2139570,1542
San Bernardino,2015,3338298576,2104291,1586
San Bernardino,2014,3362581745,2085669,1612
San Bernardino,2013,3138089371,2076274,1511
San Bernardino,2012,3000553196,2063919,1454
San Bernardino,2011,3011873556,2052397,1467
San Bernardino,2010,2864224734,2073149,1382
San Bernardino,2009,2848120030,2060950,1382
San Bernardino,2008,2773066348,2055766,1349
San Bernardino,2007,2660772956,2028013,1312
San Bernardino,2006,2511093212,1991829,1261
San Bernardino,2005,2483030556,1946202,1276
San Bernardino,2004,2379037112,1886481,1261
San Bernardino,2003,2329427291,1832966,1271
San Diego,2023,6738522493,3269755,2061
San Diego,2022,6344024530,3287306,1930
San Diego,2021,6408547170,3288503,1949
San Diego,2020,5635225070,3343355,1686
San Diego,2019,5030257683,3351786,1501
San Diego,2018,4756944132,3337456,1425
San Diego,2017,4272127705,3316192,1288
San Diego,2016,3935577424,3288612,1197
San Diego,2015,3834554090,3227496,1188
San Diego,2014,3879085789,3194362,1214
San Diego,2013,3692791845,3150178,1172
San Diego,2012,3596335746,3143429,1144
San Diego,2011,3477860152,3118876,1115
San Diego,2010,3493697627,3224432,1084
San Diego,2009,3604194866,3173407,1136
San Diego,2008,3533471472,3146274,1123
San Diego,2007,3210234088,3098269,1036
San Diego,2006,2988429725,3066820,974
San Diego,2005,2960949103,3051280,970
San Diego,2004,2786681410,3017204,924
San Diego,2003,2682097997,2961579,906
San Joaquin,2023,2097922268,786145,2669
San Joaquin,2022,2045847452,784298,2609
San Joaquin,2021,1901117609,782372,2430
San Joaquin,2020,1793082214,773632,2318
San Joaquin,2019,1713072291,770385,2224
San Joaquin,2018,1618868336,758744,2134
San Joaquin,2017,1403892107,746868,1880
San Joaquin,2016,1189231523,733383,1622
San Joaquin,2015,1147279114,719511,1595
San Joaquin,2014,1096954694,710731,1543
San Joaquin,2013,1062426193,698414,1521
San Joaquin,2012,1044097535,695750,1501
San Joaquin,2011,1038260985,690899,1503
San Joaquin,2010,1054635741,694293,1519
San Joaquin,2009,1086751021,689480,1576
San Joaquin,2008,1082152708,685660,1578
San Joaquin,2007,1010527792,679687,1487
San Joaquin,2006,933007635,668265,1396
San Joaquin,2005,864388677,653333,1323
San Joaquin,2004,825443185,630577,1309
San Joaquin,2003,833520642,613490,1359
San Luis Obispo,2023,927968557,278348,3334
San Luis Obispo,2022,794428173,280721,2830
San Luis Obispo,2021,721409084,279710,2579
San Luis Obispo,2020,711205642,277259,2565
San Luis Obispo,2019,660037479,280393,2354
San Luis Obispo,2018,667964583,280101,2385
San Luis Obispo,2017,570838301,280101,2038
San Luis Obispo,2016,512262332,277977,1843
San Luis Obispo,2015,451228687,274293,1645
San Luis Obispo,2014,424808645,272357,1560
San Luis Obispo,2013,400203023,272177,1470
San Luis Obispo,2012,399974805,271483,1473
San Luis Obispo,2011,401935190,270966,1483
San Luis Obispo,2010,426115728,273231,1560
San Luis Obispo,2009,400698005,270429,1482
San Luis Obispo,2008,401477093,269337,1491
San Luis Obispo,2007,388372005,264900,1466
San Luis Obispo,2006,373467975,263242,1419
San Luis Obispo,2005,350213875,260727,1343
San Luis Obispo,2004,352982604,258204,1367
San Luis Obispo,2003,329593029,256254,1286
San Mateo,2023,2524447641,737644,3422
San Mateo,2022,2490699510,744662,3345
San Mateo,2021,2433618289,751596,3238
San Mateo,2020,2151733853,773244,2783
San Mateo,2019,1988258994,774485,2567
San Mateo,2018,1775636970,774155,2294
San Mateo,2017,1637306327,770203,2126
San Mateo,2016,1436027669,766041,1875
San Mateo,2015,1333854853,753123,1771
San Mateo,2014,1311459035,745193,1760
San Mateo,2013,1183291107,735678,1608
San Mateo,2012,1163707360,729443,1595
San Mateo,2011,1224443265,724702,1690
San Mateo,2010,1134440062,754285,1504
San Mateo,2009,1130232085,745858,1515
San Mateo,2008,1086280931,739469,1469
San Mateo,2007,1040918472,733496,1419
San Mateo,2006,941636409,724104,1300
San Mateo,2005,900090614,723453,1244
San Mateo,2004,878653264,712386,1233
San Mateo,2003,785574654,717041,1096
Santa Barbara,2023,1354443646,440557,3074
Santa Barbara,2022,1244171886,445164,2795
Santa Barbara,2021,1159950548,443674,2614
Santa Barbara,2020,1073139218,451840,2375
Santa Barbara,2019,1039577506,454593,2287
Santa Barbara,2018,893531605,453457,1970
Santa Barbara,2017,868700233,450663,1928
Santa Barbara,2016,767194671,446717,1717
Santa Barbara,2015,763183342,437643,1744
Santa Barbara,2014,697619188,433398,1610
Santa Barbara,2013,718489242,429200,1674
Santa Barbara,2012,730246532,427267,1709
Santa Barbara,2011,732828127,426189,1719
Santa Barbara,2010,709798271,434481,1634
Santa Barbara,2009,700808369,431312,1625
Santa Barbara,2008,721623571,428655,1683
Santa Barbara,2007,666290034,424425,1570
Santa Barbara,2006,625537690,421625,1484
Santa Barbara,2005,602266429,419260,1436
Santa Barbara,2004,578663513,414796,1395
Santa Barbara,2003,550168836,410277,1341
Santa Clara,2023,9516440141,1886079,5046
Santa Clara,2022,8529607489,1894783,4502
Santa Clara,2021,8274514659,1907693,4337
Santa Clara,2020,7450516719,1961969,3797
Santa Clara,2019,6552829345,1954286,3353
Santa Clara,2018,5713709467,1956598,2920
Santa Clara,2017,5379607003,1938180,2776
Santa Clara,2016,4791192424,1927888,2485
Santa Clara,2015,4368717507,1889638,2312
Santa Clara,2014,3950036970,1868558,2114
Santa Clara,2013,3561844088,1842254,1933
Santa Clara,2012,3384871819,1816486,1863
Santa Clara,2011,3414741017,1797375,1900
Santa Clara,2010,3440872808,1880876,1829
Santa Clara,2009,3326938594,1857621,1791
Santa Clara,2008,3274025084,1837075,1782
Santa Clara,2007,3188549783,1808056,1764
Santa Clara,2006,2973903570,1773258,1677
Santa Clara,2005,2613330869,1759585,1485
Santa Clara,2004,2703050858,1731422,1561
Santa Clara,2003,2759257459,1729917,1595
Santa Cruz,2023,949394826,262051,3623
Santa Cruz,2022,962323752,266564,3610
Santa Cruz,2021,833230708,266553,3126
Santa Cruz,2020,731115053,271233,2696
Santa Cruz,2019,657637176,274871,2393
Santa Cruz,2018,612240727,276864,2211
Santa Cruz,2017,570218930,276603,2062
Santa Cruz,2016,459520668,275902,1666
Santa Cruz,2015,438246671,271646,1613
Santa Cruz,2014,422250736,271595,1555
Santa Cruz,2013,421055100,266662,1579
Santa Cruz,2012,391622021,265981,1472
Santa Cruz,2011,411937327,264430,1558
Santa Cruz,2010,370484098,272201,1361
Santa Cruz,2009,391884581,268637,1459
Santa Cruz,2008,402408708,266519,1510
Santa Cruz,2007,378588604,264125,1433
Santa Cruz,2006,355016092,262351,1353
Santa Cruz,2005,329085490,260240,1265
Santa Cruz,2004,319510764,260218,1228
Santa Cruz,2003,309352967,259844,1191
Shasta,2023,475057362,179436,2648
Shasta,2022,442657799,180531,2452
Shasta,2021,416002884,182020,2285
Shasta,2020,377619981,178045,2121
Shasta,2019,358445813,178773,2005
Shasta,2018,339468865,178271,1904
Shasta,2017,312998493,178605,1752
Shasta,2016,276948539,178592,1551
Shasta,2015,269742577,178673,1510
Shasta,2014,267516878,179412,1491
Shasta,2013,271604224,178601,1521
Shasta,2012,248577940,177823,1398
Shasta,2011,243857110,177924,1371
Shasta,2010,254989970,184247,1384
Shasta,2009,260224057,183023,1422
Shasta,2008,262133009,182236,1438
Shasta,2007,255686443,181401,1410
Shasta,2006,243267895,181483,1340
Shasta,2005,233076239,178197,1308
Shasta,2004,231645141,175705,1318
Shasta,2003,218639915,172033,1271
Sierra,2023,29602307,3193,9271
Sierra,2022,46668333,3229,14453
Sierra,2021,25272870,3225,7837
Sierra,2020,24478377,3201,7647
Sierra,2019,19527763,3213,6078
Sierra,2018,21586934,3207,6731
Sierra,2017,19234581,3207,5998
Sierra,2016,19349750,3203,6041
Sierra,2015,16141900,3105,5199
Sierra,2014,17760529,3089,5750
Sierra,2013,17923693,3166,5661
Sierra,2012,18699543,3152,5933
Sierra,2011,19513420,3248,6008
Sierra,2010,20558542,3303,6224
Sierra,2009,17495437,3358,5210
Sierra,2008,20600604,3380,6095
Sierra,2007,18599702,3485,5337
Sierra,2006,15902614,3501,4542
Sierra,2005,13771406,3538,3892
Sierra,2004,13325164,3524,3781
Sierra,2003,15381712,3515,4376
Siskiyou,2023,138783894,43548,3187
Siskiyou,2022,117305292,43830,2676
Siskiyou,2021,115078652,43931,2620
Siskiyou,2020,112845888,44461,2538
Siskiyou,2019,113480236,44584,2545
Siskiyou,2018,103630042,44612,2323
Siskiyou,2017,98099957,44688,2195
Siskiyou,2016,85977273,44739,1922
Siskiyou,2015,84315741,45119,1869
Siskiyou,2014,91125631,45231,2015
Siskiyou,2013,83808673,44796,1871
Siskiyou,2012,87597096,44639,1962
Siskiyou,2011,92086244,45084,2043
Siskiyou,2010,100956676,46010,2194
Siskiyou,2009,106287709,45973,2312
Siskiyou,2008,97088898,45971,2112
Siskiyou,2007,87272556,45953,1899
Siskiyou,2006,86853125,46146,1882
Siskiyou,2005,86319352,45819,1884
Siskiyou,2004,84591162,44861,1886
Siskiyou,2003,79463189,44411,1789
Solano,2023,974277499,443749,2196
Solano,2022,891788427,447241,1994
Solano,2021,832349229,449964,1850
Solano,2020,780313088,440224,1773
Solano,2019,754233944,441307,1709
Solano,2018,822622638,439793,1870
Solano,2017,699992831,436023,1605
Solano,2016,616816043,431498,1429
Solano,2015,582181636,429552,1355
Solano,2014,591840280,424233,1395
Solano,2013,559204862,418387,1337
Solano,2012,542758644,413786,1312
Solano,2011,551694612,414509,1331
Solano,2010,603235623,427837,1410
Solano,2009,628101067,426729,1472
Solano,2008,570313531,426757,1336
Solano,2007,537380506,424823,1265
Solano,2006,560557845,422848,1326
Solano,2005,515401841,421657,1222
Solano,2004,539420389,416463,1295
Solano,2003,459746578,411967,1116
Sonoma,2023,1409144037,478174,2947
Sonoma,2022,1299936512,482404,2695
Sonoma,2021,1258534224,484674,2597
Sonoma,2020,1166181932,492980,2366
Sonoma,2019,1156054776,500675,2309
Sonoma,2018,1119295346,503332,2224
Sonoma,2017,1087066343,505120,2152
Sonoma,2016,870825750,501959,1735
Sonoma,2015,812134693,496253,1637
Sonoma,2014,826349082,490486,1685
Sonoma,2013,764095824,490423,1558
Sonoma,2012,738271668,487011,1516
Sonoma,2011,791231581,487125,1624
Sonoma,2010,794300851,493285,1610
Sonoma,2009,772827431,486630,1588
Sonoma,2008,815730200,484470,1684
Sonoma,2007,740547942,481765,1537
Sonoma,2006,776160103,479929,1617
Sonoma,2005,664540053,478440,1389
Sonoma,2004,608042695,472725,1286
Sonoma,2003,571487510,472686,1209
Stanislaus,2023,1278686739,545939,2342
Stanislaus,2022,1186502406,549466,2159
Stanislaus,2021,1326762312,551737,2405
Stanislaus,2020,1370861708,557709,2458
Stanislaus,2019,1142654541,558972,2044
Stanislaus,2018,1095383690,555624,1971
Stanislaus,2017,1020349782,548057,1862
Stanislaus,2016,864250360,540214,1600
Stanislaus,2015,796726526,532297,1497
Stanislaus,2014,762210478,526042,1449
Stanislaus,2013,725311131,524124,1384
Stanislaus,2012,670490697,519940,1290
Stanislaus,2011,727707644,517685,1406
Stanislaus,2010,731145760,530584,1378
Stanislaus,2009,739718254,526383,1405
Stanislaus,2008,745416414,525903,1417
Stanislaus,2007,712920843,521497,1367
Stanislaus,2006,680063724,514370,1322
Stanislaus,2005,651808314,504482,1292
Stanislaus,2004,608138041,491929,1236
Stanislaus,2003,606677948,481604,1260
Sutter,2023,246556828,98952,2492
Sutter,2022,218443452,99145,2203
Sutter,2021,234061626,98908,2366
Sutter,2020,216073972,100750,2145
Sutter,2019,234812286,97490,2409
Sutter,2018,231391753,97238,2380
Sutter,2017,200521598,96956,2068
Sutter,2016,142086124,97308,1460
Sutter,2015,143483508,95948,1495
Sutter,2014,133937280,95733,1399
Sutter,2013,141951660,95851,1481
Sutter,2012,132053697,95065,1389
Sutter,2011,139101389,95800,1452
Sutter,2010,135542911,99154,1367
Sutter,2009,143898139,96554,1490
Sutter,2008,134989752,95878,1408
Sutter,2007,118867120,93919,1266
Sutter,2006,112638919,91450,1232
Sutter,2005,106514260,88945,1198
Sutter,2004,100845935,85511,1179
Sutter,2003,93991402,83241,1129
Tehama,2023,188962812,64271,2940
Tehama,2022,174492535,65052,2682
Tehama,2021,162458910,65374,2485
Tehama,2020,153494265,65129,2357
Tehama,2019,143427561,64387,2228
Tehama,2018,136347110,64039,2129
Tehama,2017,143023900,63995,2235
Tehama,2016,114640010,63934,1793
Tehama,2015,114843810,64323,1785
Tehama,2014,112102049,63717,1759
Tehama,2013,106744031,63772,1674
Tehama,2012,95275561,63177,1508
Tehama,2011,100569088,63950,1573
Tehama,2010,98512525,63100,1561
Tehama,2009,100212144,62836,1595
Tehama,2008,103671709,62419,1661
Tehama,2007,96121858,61774,1556
Tehama,2006,87835589,61533,1427
Tehama,2005,85103371,60019,1418
Tehama,2004,84857557,58742,1445
Tehama,2003,87805747,57684,1522
Trinity,2023,81376784,15939,5106
Trinity,2022,75062613,16023,4685
Trinity,2021,76892083,16050,4791
Trinity,2020,73552936,13548,5429
Trinity,2019,57953648,13688,4234
Trinity,2018,57878758,13635,4245
Trinity,2017,51531891,13628,3781
Trinity,2016,54052261,13667,3955
Trinity,2015,48967320,13571,3608
Trinity,2014,45373860,13389,3389
Trinity,2013,42461859,13443,3159
Trinity,2012,40389810,13722,2943
Trinity,2011,40419395,13853,2918
Trinity,2010,38219365,13898,2750
Trinity,2009,44795369,13959,3209
Trinity,2008,52144424,13966,3734
Trinity,2007,43662762,14171,3081
Trinity,2006,44000653,14024,3138
Trinity,2005,46223551,13749,3362
Trinity,2004,49163968,13455,3654
Trinity,2003,48642713,13319,3652
Tulare,2023,1230852721,475064,2591
Tulare,2022,1188646374,475014,2502
Tulare,2021,1025069158,474032,2162
Tulare,2020,960101337,479977,2000
Tulare,2019,914042557,479112,1908
Tulare,2018,875641997,475834,1840
Tulare,2017,817285973,471842,1732
Tulare,2016,718155968,466339,1540
Tulare,2015,675737499,462189,1462
Tulare,2014,685713250,459446,1492
Tulare,2013,664827265,455599,1459
Tulare,2012,658505390,450840,1461
Tulare,2011,653314080,446837,1462
Tulare,2010,644590556,447814,1439
Tulare,2009,665896112,441481,1508
Tulare,2008,636667845,435254,1463
Tulare,2007,603691892,429006,1407
Tulare,2006,553954557,420619,1317
Tulare,2005,524821699,409871,1280
Tulare,2004,502430934,396828,1266
Tulare,2003,486108126,386246,1259
Tuolumne,2023,224698973,54590,4116
Tuolumne,2022,200371298,55291,3624
Tuolumne,2021,169852642,54791,3100
Tuolumne,2020,175930052,54917,3204
Tuolumne,2019,183283258,54590,3357
Tuolumne,2018,157526458,54740,2878
Tuolumne,2017,147934909,54707,2704
Tuolumne,2016,126007249,54900,2295
Tuolumne,2015,116199230,54337,2138
Tuolumne,2014,99328679,53604,1853
Tuolumne,2013,100218868,54360,1844
Tuolumne,2012,103508192,53834,1923
Tuolumne,2011,100164857,55256,1813
Tuolumne,2010,107643945,56086,1919
Tuolumne,2009,117865863,56335,2092
Tuolumne,2008,120861715,56799,2128
Tuolumne,2007,133191923,57223,2328
Tuolumne,2006,127602256,58231,2191
Tuolumne,2005,115109924,58504,1968
Tuolumne,2004,108000567,56946,1897
Tuolumne,2003,104859767,56473,1857
Ventura,2023,2760825344,825653,3344
Ventura,2022,2598628318,833652,3117
Ventura,2021,2624017653,840093,3123
Ventura,2020,2390613919,842886,2836
Ventura,2019,2252460149,856598,2630
Ventura,2018,1947536068,859073,2267
Ventura,2017,1908257778,857386,2226
Ventura,2016,1546877379,856508,1806
Ventura,2015,1491633656,848073,1759
Ventura,2014,1428780799,842967,1695
Ventura,2013,1346060942,835436,1611
Ventura,2012,1313739166,832970,1577
Ventura,2011,1276806352,828383,1541
Ventura,2010,1223893404,844713,1449
Ventura,2009,1206053668,836080,1443
Ventura,2008,1177163387,831587,1416
Ventura,2007,1122058441,825512,1359
Ventura,2006,1032700474,817346,1263
Ventura,2005,937455429,813052,1153
Ventura,2004,904246221,802436,1127
Ventura,2003,870497988,791310,1100
Yolo,2023,559148160,220880,2531
Yolo,2022,503641767,221165,2277
Yolo,2021,470498782,217237,2166
Yolo,2020,462124660,221705,2084
Yolo,2019,429071702,222581,1928
Yolo,2018,354079829,221270,1600
Yolo,2017,322062151,218896,1471
Yolo,2016,302518766,214555,1410
Yolo,2015,270406632,209393,1291
Yolo,2014,258533142,206381,1253
Yolo,2013,272683620,205999,1324
Yolo,2012,233857461,202133,1157
Yolo,2011,244393211,201759,1211
Yolo,2010,261598583,202953,1289
Yolo,2009,266908271,200709,1330
Yolo,2008,268055788,199066,1347
Yolo,2007,254730527,193983,1313
Yolo,2006,224847353,190344,1181
Yolo,2005,194531812,187743,1036
Yolo,2004,191542364,184487,1038
Yolo,2003,197748960,181291,1091
Yuba,2023,290397877,82677,3512
Yuba,2022,250789915,82275,3048
Yuba,2021,225148992,81988,2746
Yuba,2020,214453192,78887,2718
Yuba,2019,194828890,77916,2500
Yuba,2018,181541193,74727,2429
Yuba,2017,190023790,74577,2548
Yuba,2016,149258918,74345,2008
Yuba,2015,151966919,74076,2052
Yuba,2014,123173768,73682,1672
Yuba,2013,120753999,73439,1644
Yuba,2012,125505547,72615,1728
Yuba,2011,128941559,72479,1779
Yuba,2010,124612165,73380,1698
Yuba,2009,128079588,72900,1757
Yuba,2008,145325442,71929,2020
Yuba,2007,124122057,70745,1754
Yuba,2006,115813672,69827,1659
Yuba,2005,100918852,66734,1512
Yuba,2004,106722228,64840,1646
Yuba,2003,96641097,62847,1538
